name,email,position,phone,address
Adam Long,copy_courtneybennett@miller.com,Position 5,01739843112,Address 971
subject,description,status,priority
Revolutionize b2c web-readiness,,open,medium
Synthesize world-class portals,,meeting-to-schedule,medium
Utilize impactful partnerships,,meeting-to-schedule,medium
Incubate wireless niches,,archived,medium
Monetize b2b models,,open,medium
Streamline killer web-readiness,,meeting-to-schedule,medium
name,status,phone
Matrix leading-edge e-business,meeting-to-schedule,0382099540
Whiteboard cross-platform experiences,meeting-to-schedule,0382099540
Brand seamless functionalities,archived,0382099540
